Afghanistan,Kabul,"[{zoneName:'Asia\/Kabul',gmtOffset:16200,gmtOffsetName:'UTC+04:30',abbreviation:'AFT',tzName:'Afghanistan Time'}]",Afganistan
Aland Islands,Mariehamn,"[{zoneName:'Europe\/Mariehamn',gmtOffset:7200,gmtOffsetName:'UTC+02:00',abbreviation:'EET',tzName:'Eastern European Time'}]",AlandIslands
Albania,Tirana,"[{zoneName:'Europe\/Tirane',gmtOffset:3600,gmtOffsetName:'UTC+01:00',abbreviation:'CET',tzName:'Central European Time'}]",Albania
Algeria,Algiers,"[{zoneName:'Africa\/Algiers',gmtOffset:3600,gmtOffsetName:'UTC+01:00',abbreviation:'CET',tzName:'Central European Time'}]",Algeria
American Samoa,Pago Pago,"[{zoneName:'Pacific\/Pago_Pago',gmtOffset:-39600,gmtOffsetName:'UTC-11:00',abbreviation:'SST',tzName:'Samoa Standard Time'}]",AmericanSamoa
Andorra,Andorra la Vella,"[{zoneName:'Europe\/Andorra',gmtOffset:3600,gmtOffsetName:'UTC+01:00',abbreviation:'CET',tzName:'Central European Time'}]",Andorra
Angola,Luanda,"[{zoneName:'Africa\/Luanda',gmtOffset:3600,gmtOffsetName:'UTC+01:00',abbreviation:'WAT',tzName:'West Africa Time'}]",Angola
Anguilla,The Valley,"[{zoneName:'America\/Anguilla',gmtOffset:-14400,gmtOffsetName:'UTC-04:00',abbreviation:'AST',tzName:'Atlantic Standard Time'}]",Anguilla
Antarctica,,"[{zoneName:'Antarctica\/Casey',gmtOffset:39600,gmtOffsetName:'UTC+11:00',abbreviation:'AWST',tzName:'Australian Western Standard Time'},{zoneName:'Antarctica\/Davis',gmtOffset:25200,gmtOffsetName:'UTC+07:00',abbreviation:'DAVT',tzName:'Davis Time'},{zoneName:'Antarctica\/DumontDUrville',gmtOffset:36000,gmtOffsetName:'UTC+10:00',abbreviation:'DDUT',tzName:'Dumont d'Urville Time'},{zoneName:'Antarctica\/Mawson',gmtOffset:18000,gmtOffsetName:'UTC+05:00',abbreviation:'MAWT',tzName:'Mawson Station Time'},{zoneName:'Antarctica\/McMurdo',gmtOffset:46800,gmtOffsetName:'UTC+13:00',abbreviation:'NZDT',tzName:'New Zealand Daylight Time'},{zoneName:'Antarctica\/Palmer',gmtOffset:-10800,gmtOffsetName:'UTC-03:00',abbreviation:'CLST',tzName:'Chile Summer Time'},{zoneName:'Antarctica\/Rothera',gmtOffset:-10800,gmtOffsetName:'UTC-03:00',abbreviation:'ROTT',tzName:'Rothera Research Station Time'},{zoneName:'Antarctica\/Syowa',gmtOffset:10800,gmtOffsetName:'UTC+03:00',abbreviation:'SYOT',tzName:'Showa Station Time'},{zoneName:'Antarctica\/Troll',gmtOffset:0,gmtOffsetName:'UTC\u00b100',abbreviation:'GMT',tzName:'Greenwich Mean Time'},{zoneName:'Antarctica\/Vostok',gmtOffset:21600,gmtOffsetName:'UTC+06:00',abbreviation:'VOST',tzName:'Vostok Station Time'}]",Antarctica
Antigua And Barbuda,St. John's,"[{zoneName:'America\/Antigua',gmtOffset:-14400,gmtOffsetName:'UTC-04:00',abbreviation:'AST',tzName:'Atlantic Standard Time'}]",AntiguaAndBarbuda
Argentina,Buenos Aires,"[{zoneName:'America\/Argentina\/Buenos_Aires',gmtOffset:-10800,gmtOffsetName:'UTC-03:00',abbreviation:'ART',tzName:'Argentina Time'},{zoneName:'America\/Argentina\/Catamarca',gmtOffset:-10800,gmtOffsetName:'UTC-03:00',abbreviation:'ART',tzName:'Argentina Time'},{zoneName:'America\/Argentina\/Cordoba',gmtOffset:-10800,gmtOffsetName:'UTC-03:00',abbreviation:'ART',tzName:'Argentina Time'},{zoneName:'America\/Argentina\/Jujuy',gmtOffset:-10800,gmtOffsetName:'UTC-03:00',abbreviation:'ART',tzName:'Argentina Time'},{zoneName:'America\/Argentina\/La_Rioja',gmtOffset:-10800,gmtOffsetName:'UTC-03:00',abbreviation:'ART',tzName:'Argentina Time'},{zoneName:'America\/Argentina\/Mendoza',gmtOffset:-10800,gmtOffsetName:'UTC-03:00',abbreviation:'ART',tzName:'Argentina Time'},{zoneName:'America\/Argentina\/Rio_Gallegos',gmtOffset:-10800,gmtOffsetName:'UTC-03:00',abbreviation:'ART',tzName:'Argentina Time'},{zoneName:'America\/Argentina\/Salta',gmtOffset:-10800,gmtOffsetName:'UTC-03:00',abbreviation:'ART',tzName:'Argentina Time'},{zoneName:'America\/Argentina\/San_Juan',gmtOffset:-10800,gmtOffsetName:'UTC-03:00',abbreviation:'ART',tzName:'Argentina Time'},{zoneName:'America\/Argentina\/San_Luis',gmtOffset:-10800,gmtOffsetName:'UTC-03:00',abbreviation:'ART',tzName:'Argentina Time'},{zoneName:'America\/Argentina\/Tucuman',gmtOffset:-10800,gmtOffsetName:'UTC-03:00',abbreviation:'ART',tzName:'Argentina Time'},{zoneName:'America\/Argentina\/Ushuaia',gmtOffset:-10800,gmtOffsetName:'UTC-03:00',abbreviation:'ART',tzName:'Argentina Time'}]",Argentina
Armenia,Yerevan,"[{zoneName:'Asia\/Yerevan',gmtOffset:14400,gmtOffsetName:'UTC+04:00',abbreviation:'AMT',tzName:'Armenia Time'}]",Armenia
Aruba,Oranjestad,"[{zoneName:'America\/Aruba',gmtOffset:-14400,gmtOffsetName:'UTC-04:00',abbreviation:'AST',tzName:'Atlantic Standard Time'}]",Aruba
Australia,Canberra,"[{zoneName:'Antarctica\/Macquarie',gmtOffset:39600,gmtOffsetName:'UTC+11:00',abbreviation:'MIST',tzName:'Macquarie Island Station Time'},{zoneName:'Australia\/Adelaide',gmtOffset:37800,gmtOffsetName:'UTC+10:30',abbreviation:'ACDT',tzName:'Australian Central Daylight Saving Time'},{zoneName:'Australia\/Brisbane',gmtOffset:36000,gmtOffsetName:'UTC+10:00',abbreviation:'AEST',tzName:'Australian Eastern Standard Time'},{zoneName:'Australia\/Broken_Hill',gmtOffset:37800,gmtOffsetName:'UTC+10:30',abbreviation:'ACDT',tzName:'Australian Central Daylight Saving Time'},{zoneName:'Australia\/Currie',gmtOffset:39600,gmtOffsetName:'UTC+11:00',abbreviation:'AEDT',tzName:'Australian Eastern Daylight Saving Time'},{zoneName:'Australia\/Darwin',gmtOffset:34200,gmtOffsetName:'UTC+09:30',abbreviation:'ACST',tzName:'Australian Central Standard Time'},{zoneName:'Australia\/Eucla',gmtOffset:31500,gmtOffsetName:'UTC+08:45',abbreviation:'ACWST',tzName:'Australian Central Western Standard Time (Unofficial)'},{zoneName:'Australia\/Hobart',gmtOffset:39600,gmtOffsetName:'UTC+11:00',abbreviation:'AEDT',tzName:'Australian Eastern Daylight Saving Time'},{zoneName:'Australia\/Lindeman',gmtOffset:36000,gmtOffsetName:'UTC+10:00',abbreviation:'AEST',tzName:'Australian Eastern Standard Time'},{zoneName:'Australia\/Lord_Howe',gmtOffset:39600,gmtOffsetName:'UTC+11:00',abbreviation:'LHST',tzName:'Lord Howe Summer Time'},{zoneName:'Australia\/Melbourne',gmtOffset:39600,gmtOffsetName:'UTC+11:00',abbreviation:'AEDT',tzName:'Australian Eastern Daylight Saving Time'},{zoneName:'Australia\/Perth',gmtOffset:28800,gmtOffsetName:'UTC+08:00',abbreviation:'AWST',tzName:'Australian Western Standard Time'},{zoneName:'Australia\/Sydney',gmtOffset:39600,gmtOffsetName:'UTC+11:00',abbreviation:'AEDT',tzName:'Australian Eastern Daylight Saving Time'}]",Australia
Austria,Vienna,"[{zoneName:'Europe\/Vienna',gmtOffset:3600,gmtOffsetName:'UTC+01:00',abbreviation:'CET',tzName:'Central European Time'}]",Austria
Azerbaijan,Baku,"[{zoneName:'Asia\/Baku',gmtOffset:14400,gmtOffsetName:'UTC+04:00',abbreviation:'AZT',tzName:'Azerbaijan Time'}]",Azerbaijan
Bahamas The,Nassau,"[{zoneName:'America\/Nassau',gmtOffset:-18000,gmtOffsetName:'UTC-05:00',abbreviation:'EST',tzName:'Eastern Standard Time (North America)'}]",BahamasThe
Bahrain,Manama,"[{zoneName:'Asia\/Bahrain',gmtOffset:10800,gmtOffsetName:'UTC+03:00',abbreviation:'AST',tzName:'Arabia Standard Time'}]",Bahrain
Bangladesh,Dhaka,"[{zoneName:'Asia\/Dhaka',gmtOffset:21600,gmtOffsetName:'UTC+06:00',abbreviation:'BDT',tzName:'Bangladesh Standard Time'}]",Bangladesh
Barbados,Bridgetown,"[{zoneName:'America\/Barbados',gmtOffset:-14400,gmtOffsetName:'UTC-04:00',abbreviation:'AST',tzName:'Atlantic Standard Time'}]",Barbados
Belarus,Minsk,"[{zoneName:'Europe\/Minsk',gmtOffset:10800,gmtOffsetName:'UTC+03:00',abbreviation:'MSK',tzName:'Moscow Time'}]",Belarus
Belgium,Brussels,"[{zoneName:'Europe\/Brussels',gmtOffset:3600,gmtOffsetName:'UTC+01:00',abbreviation:'CET',tzName:'Central European Time'}]",Belgium
Belize,Belmopan,"[{zoneName:'America\/Belize',gmtOffset:-21600,gmtOffsetName:'UTC-06:00',abbreviation:'CST',tzName:'Central Standard Time (North America)'}]",Belize
Benin,Porto-Novo,"[{zoneName:'Africa\/Porto-Novo',gmtOffset:3600,gmtOffsetName:'UTC+01:00',abbreviation:'WAT',tzName:'West Africa Time'}]",Benin
Bermuda,Hamilton,"[{zoneName:'Atlantic\/Bermuda',gmtOffset:-14400,gmtOffsetName:'UTC-04:00',abbreviation:'AST',tzName:'Atlantic Standard Time'}]",Bermuda
Bhutan,Thimphu,"[{zoneName:'Asia\/Thimphu',gmtOffset:21600,gmtOffsetName:'UTC+06:00',abbreviation:'BTT',tzName:'Bhutan Time'}]",Bhutan
Bolivia,Sucre,"[{zoneName:'America\/La_Paz',gmtOffset:-14400,gmtOffsetName:'UTC-04:00',abbreviation:'BOT',tzName:'Bolivia Time'}]",Bolivia
"Bonaire, Sint Eustatius and Saba",Kralendijk,"[{zoneName:'America\/Anguilla',gmtOffset:-14400,gmtOffsetName:'UTC-04:00',abbreviation:'AST',tzName:'Atlantic Standard Time'}]",155
Bosnia and Herzegovina,Sarajevo,"[{zoneName:'Europe\/Sarajevo',gmtOffset:3600,gmtOffsetName:'UTC+01:00',abbreviation:'CET',tzName:'Central European Time'}]",Bonaire
Botswana,Gaborone,"[{zoneName:'Africa\/Gaborone',gmtOffset:7200,gmtOffsetName:'UTC+02:00',abbreviation:'CAT',tzName:'Central Africa Time'}]",Botswana
Bouvet Island,,"[{zoneName:'Europe\/Oslo',gmtOffset:3600,gmtOffsetName:'UTC+01:00',abbreviation:'CET',tzName:'Central European Time'}]",Bouvet
Brazil,Brasilia,"[{zoneName:'America\/Araguaina',gmtOffset:-10800,gmtOffsetName:'UTC-03:00',abbreviation:'BRT',tzName:'Bras\u00edlia Time'},{zoneName:'America\/Bahia',gmtOffset:-10800,gmtOffsetName:'UTC-03:00',abbreviation:'BRT',tzName:'Bras\u00edlia Time'},{zoneName:'America\/Belem',gmtOffset:-10800,gmtOffsetName:'UTC-03:00',abbreviation:'BRT',tzName:'Bras\u00edlia Time'},{zoneName:'America\/Boa_Vista',gmtOffset:-14400,gmtOffsetName:'UTC-04:00',abbreviation:'AMT',tzName:'Amazon Time (Brazil)[3'},{zoneName:'America\/Campo_Grande',gmtOffset:-14400,gmtOffsetName:'UTC-04:00',abbreviation:'AMT',tzName:'Amazon Time (Brazil)[3'},{zoneName:'America\/Cuiaba',gmtOffset:-14400,gmtOffsetName:'UTC-04:00',abbreviation:'BRT',tzName:'Brasilia Time'},{zoneName:'America\/Eirunepe',gmtOffset:-18000,gmtOffsetName:'UTC-05:00',abbreviation:'ACT',tzName:'Acre Time'},{zoneName:'America\/Fortaleza',gmtOffset:-10800,gmtOffsetName:'UTC-03:00',abbreviation:'BRT',tzName:'Bras\u00edlia Time'},{zoneName:'America\/Maceio',gmtOffset:-10800,gmtOffsetName:'UTC-03:00',abbreviation:'BRT',tzName:'Bras\u00edlia Time'},{zoneName:'America\/Manaus',gmtOffset:-14400,gmtOffsetName:'UTC-04:00',abbreviation:'AMT',tzName:'Amazon Time (Brazil)'},{zoneName:'America\/Noronha',gmtOffset:-7200,gmtOffsetName:'UTC-02:00',abbreviation:'FNT',tzName:'Fernando de Noronha Time'},{zoneName:'America\/Porto_Velho',gmtOffset:-14400,gmtOffsetName:'UTC-04:00',abbreviation:'AMT',tzName:'Amazon Time (Brazil)[3'},{zoneName:'America\/Recife',gmtOffset:-10800,gmtOffsetName:'UTC-03:00',abbreviation:'BRT',tzName:'Bras\u00edlia Time'},{zoneName:'America\/Rio_Branco',gmtOffset:-18000,gmtOffsetName:'UTC-05:00',abbreviation:'ACT',tzName:'Acre Time'},{zoneName:'America\/Santarem',gmtOffset:-10800,gmtOffsetName:'UTC-03:00',abbreviation:'BRT',tzName:'Bras\u00edlia Time'},{zoneName:'America\/Sao_Paulo',gmtOffset:-10800,gmtOffsetName:'UTC-03:00',abbreviation:'BRT',tzName:'Bras\u00edlia Time'}]",Brazil
British Indian Ocean Territory,Diego Garcia,"[{zoneName:'Indian\/Chagos',gmtOffset:21600,gmtOffsetName:'UTC+06:00',abbreviation:'IOT',tzName:'Indian Ocean Time'}]",BritishIndianOceanTerritory
Brunei,Bandar Seri Begawan,"[{zoneName:'Asia\/Brunei',gmtOffset:28800,gmtOffsetName:'UTC+08:00',abbreviation:'BNT',tzName:'Brunei Darussalam Time'}]",Brunei
Bulgaria,Sofia,"[{zoneName:'Europe\/Sofia',gmtOffset:7200,gmtOffsetName:'UTC+02:00',abbreviation:'EET',tzName:'Eastern European Time'}]",Bulgaria
Burkina Faso,Ouagadougou,"[{zoneName:'Africa\/Ouagadougou',gmtOffset:0,gmtOffsetName:'UTC\u00b100',abbreviation:'GMT',tzName:'Greenwich Mean Time'}]",Burkina
Burundi,Bujumbura,"[{zoneName:'Africa\/Bujumbura',gmtOffset:7200,gmtOffsetName:'UTC+02:00',abbreviation:'CAT',tzName:'Central Africa Time'}]",Burundi
Cambodia,Phnom Penh,"[{zoneName:'Asia\/Phnom_Penh',gmtOffset:25200,gmtOffsetName:'UTC+07:00',abbreviation:'ICT',tzName:'Indochina Time'}]",Cambodia
Cameroon,Yaounde,"[{zoneName:'Africa\/Douala',gmtOffset:3600,gmtOffsetName:'UTC+01:00',abbreviation:'WAT',tzName:'West Africa Time'}]",Cameroon
Canada,Ottawa,"[{zoneName:'America\/Atikokan',gmtOffset:-18000,gmtOffsetName:'UTC-05:00',abbreviation:'EST',tzName:'Eastern Standard Time (North America)'},{zoneName:'America\/Blanc-Sablon',gmtOffset:-14400,gmtOffsetName:'UTC-04:00',abbreviation:'AST',tzName:'Atlantic Standard Time'},{zoneName:'America\/Cambridge_Bay',gmtOffset:-25200,gmtOffsetName:'UTC-07:00',abbreviation:'MST',tzName:'Mountain Standard Time (North America)'},{zoneName:'America\/Creston',gmtOffset:-25200,gmtOffsetName:'UTC-07:00',abbreviation:'MST',tzName:'Mountain Standard Time (North America)'},{zoneName:'America\/Dawson',gmtOffset:-25200,gmtOffsetName:'UTC-07:00',abbreviation:'MST',tzName:'Mountain Standard Time (North America)'},{zoneName:'America\/Dawson_Creek',gmtOffset:-25200,gmtOffsetName:'UTC-07:00',abbreviation:'MST',tzName:'Mountain Standard Time (North America)'},{zoneName:'America\/Edmonton',gmtOffset:-25200,gmtOffsetName:'UTC-07:00',abbreviation:'MST',tzName:'Mountain Standard Time (North America)'},{zoneName:'America\/Fort_Nelson',gmtOffset:-25200,gmtOffsetName:'UTC-07:00',abbreviation:'MST',tzName:'Mountain Standard Time (North America)'},{zoneName:'America\/Glace_Bay',gmtOffset:-14400,gmtOffsetName:'UTC-04:00',abbreviation:'AST',tzName:'Atlantic Standard Time'},{zoneName:'America\/Goose_Bay',gmtOffset:-14400,gmtOffsetName:'UTC-04:00',abbreviation:'AST',tzName:'Atlantic Standard Time'},{zoneName:'America\/Halifax',gmtOffset:-14400,gmtOffsetName:'UTC-04:00',abbreviation:'AST',tzName:'Atlantic Standard Time'},{zoneName:'America\/Inuvik',gmtOffset:-25200,gmtOffsetName:'UTC-07:00',abbreviation:'MST',tzName:'Mountain Standard Time (North America'},{zoneName:'America\/Iqaluit',gmtOffset:-18000,gmtOffsetName:'UTC-05:00',abbreviation:'EST',tzName:'Eastern Standard Time (North America'},{zoneName:'America\/Moncton',gmtOffset:-14400,gmtOffsetName:'UTC-04:00',abbreviation:'AST',tzName:'Atlantic Standard Time'},{zoneName:'America\/Nipigon',gmtOffset:-18000,gmtOffsetName:'UTC-05:00',abbreviation:'EST',tzName:'Eastern Standard Time (North America'},{zoneName:'America\/Pangnirtung',gmtOffset:-18000,gmtOffsetName:'UTC-05:00',abbreviation:'EST',tzName:'Eastern Standard Time (North America'},{zoneName:'America\/Rainy_River',gmtOffset:-21600,gmtOffsetName:'UTC-06:00',abbreviation:'CST',tzName:'Central Standard Time (North America'},{zoneName:'America\/Rankin_Inlet',gmtOffset:-21600,gmtOffsetName:'UTC-06:00',abbreviation:'CST',tzName:'Central Standard Time (North America'},{zoneName:'America\/Regina',gmtOffset:-21600,gmtOffsetName:'UTC-06:00',abbreviation:'CST',tzName:'Central Standard Time (North America'},{zoneName:'America\/Resolute',gmtOffset:-21600,gmtOffsetName:'UTC-06:00',abbreviation:'CST',tzName:'Central Standard Time (North America'},{zoneName:'America\/St_Johns',gmtOffset:-12600,gmtOffsetName:'UTC-03:30',abbreviation:'NST',tzName:'Newfoundland Standard Time'},{zoneName:'America\/Swift_Current',gmtOffset:-21600,gmtOffsetName:'UTC-06:00',abbreviation:'CST',tzName:'Central Standard Time (North America'},{zoneName:'America\/Thunder_Bay',gmtOffset:-18000,gmtOffsetName:'UTC-05:00',abbreviation:'EST',tzName:'Eastern Standard Time (North America'},{zoneName:'America\/Toronto',gmtOffset:-18000,gmtOffsetName:'UTC-05:00',abbreviation:'EST',tzName:'Eastern Standard Time (North America'},{zoneName:'America\/Vancouver',gmtOffset:-28800,gmtOffsetName:'UTC-08:00',abbreviation:'PST',tzName:'Pacific Standard Time (North America'},{zoneName:'America\/Whitehorse',gmtOffset:-25200,gmtOffsetName:'UTC-07:00',abbreviation:'MST',tzName:'Mountain Standard Time (North America'},{zoneName:'America\/Winnipeg',gmtOffset:-21600,gmtOffsetName:'UTC-06:00',abbreviation:'CST',tzName:'Central Standard Time (North America'},{zoneName:'America\/Yellowknife',gmtOffset:-25200,gmtOffsetName:'UTC-07:00',abbreviation:'MST',tzName:'Mountain Standard Time (North America'}]",Canada
Cape Verde,Praia,"[{zoneName:'Atlantic\/Cape_Verde',gmtOffset:-3600,gmtOffsetName:'UTC-01:00',abbreviation:'CVT',tzName:'Cape Verde Time'}]",CapeVerde
Cayman Islands,George Town,"[{zoneName:'America\/Cayman',gmtOffset:-18000,gmtOffsetName:'UTC-05:00',abbreviation:'EST',tzName:'Eastern Standard Time (North America'}]",CaymanIslands
Central African Republic,Bangui,"[{zoneName:'Africa\/Bangui',gmtOffset:3600,gmtOffsetName:'UTC+01:00',abbreviation:'WAT',tzName:'West Africa Time'}]",CentralAfricanRepublic
Chad,N'Djamena,"[{zoneName:'Africa\/Ndjamena',gmtOffset:3600,gmtOffsetName:'UTC+01:00',abbreviation:'WAT',tzName:'West Africa Time'}]",Chad
Chile,Santiago,"[{zoneName:'America\/Punta_Arenas',gmtOffset:-10800,gmtOffsetName:'UTC-03:00',abbreviation:'CLST',tzName:'Chile Summer Time'},{zoneName:'America\/Santiago',gmtOffset:-10800,gmtOffsetName:'UTC-03:00',abbreviation:'CLST',tzName:'Chile Summer Time'},{zoneName:'Pacific\/Easter',gmtOffset:-18000,gmtOffsetName:'UTC-05:00',abbreviation:'EASST',tzName:'Easter Island Summer Time'}]",Chile
China,Beijing,"[{zoneName:'Asia\/Shanghai',gmtOffset:28800,gmtOffsetName:'UTC+08:00',abbreviation:'CST',tzName:'China Standard Time'},{zoneName:'Asia\/Urumqi',gmtOffset:21600,gmtOffsetName:'UTC+06:00',abbreviation:'XJT',tzName:'China Standard Time'}]",China
Christmas Island,Flying Fish Cove,"[{zoneName:'Indian\/Christmas',gmtOffset:25200,gmtOffsetName:'UTC+07:00',abbreviation:'CXT',tzName:'Christmas Island Time'}]",ChristmasIsland
Cocos (Keeling) Islands,West Island,"[{zoneName:'Indian\/Cocos',gmtOffset:23400,gmtOffsetName:'UTC+06:30',abbreviation:'CCT',tzName:'Cocos Islands Time'}]",Cocos(Keeling)Islands
Colombia,Bogota,"[{zoneName:'America\/Bogota',gmtOffset:-18000,gmtOffsetName:'UTC-05:00',abbreviation:'COT',tzName:'Colombia Time'}]",Colombia
Comoros,Moroni,"[{zoneName:'Indian\/Comoro',gmtOffset:10800,gmtOffsetName:'UTC+03:00',abbreviation:'EAT',tzName:'East Africa Time'}]",Comoros
Congo,Brazzaville,"[{zoneName:'Africa\/Brazzaville',gmtOffset:3600,gmtOffsetName:'UTC+01:00',abbreviation:'WAT',tzName:'West Africa Time'}]",Congo
Congo The Democratic Republic Of The,Kinshasa,"[{zoneName:'Africa\/Kinshasa',gmtOffset:3600,gmtOffsetName:'UTC+01:00',abbreviation:'WAT',tzName:'West Africa Time'},{zoneName:'Africa\/Lubumbashi',gmtOffset:7200,gmtOffsetName:'UTC+02:00',abbreviation:'CAT',tzName:'Central Africa Time'}]",CongoTheDemocraticRepublicOfThe
Cook Islands,Avarua,"[{zoneName:'Pacific\/Rarotonga',gmtOffset:-36000,gmtOffsetName:'UTC-10:00',abbreviation:'CKT',tzName:'Cook Island Time'}]",CookIslands
Costa Rica,San Jose,"[{zoneName:'America\/Costa_Rica',gmtOffset:-21600,gmtOffsetName:'UTC-06:00',abbreviation:'CST',tzName:'Central Standard Time (North America'}]",CostaRica
Cote D'Ivoire (Ivory Coast),Yamoussoukro,"[{zoneName:'Africa\/Abidjan',gmtOffset:0,gmtOffsetName:'UTC\u00b100',abbreviation:'GMT',tzName:'Greenwich Mean Time'}]",CoteD'Ivoire
Croatia (Hrvatska),Zagreb,"[{zoneName:'Europe\/Zagreb',gmtOffset:3600,gmtOffsetName:'UTC+01:00',abbreviation:'CET',tzName:'Central European Time'}]",Croatia
Cuba,Havana,"[{zoneName:'America\/Havana',gmtOffset:-18000,gmtOffsetName:'UTC-05:00',abbreviation:'CST',tzName:'Cuba Standard Time'}]",Cuba
Curaçao,Willemstad,"[{zoneName:'America\/Curacao',gmtOffset:-14400,gmtOffsetName:'UTC-04:00',abbreviation:'AST',tzName:'Atlantic Standard Time'}]",Curaçao
Cyprus,Nicosia,"[{zoneName:'Asia\/Famagusta',gmtOffset:7200,gmtOffsetName:'UTC+02:00',abbreviation:'EET',tzName:'Eastern European Time'},{zoneName:'Asia\/Nicosia',gmtOffset:7200,gmtOffsetName:'UTC+02:00',abbreviation:'EET',tzName:'Eastern European Time'}]",Cyprus
Czech Republic,Prague,"[{zoneName:'Europe\/Prague',gmtOffset:3600,gmtOffsetName:'UTC+01:00',abbreviation:'CET',tzName:'Central European Time'}]",CzechRepublic
Denmark,Copenhagen,"[{zoneName:'Europe\/Copenhagen',gmtOffset:3600,gmtOffsetName:'UTC+01:00',abbreviation:'CET',tzName:'Central European Time'}]",Denmark
Djibouti,Djibouti,"[{zoneName:'Africa\/Djibouti',gmtOffset:10800,gmtOffsetName:'UTC+03:00',abbreviation:'EAT',tzName:'East Africa Time'}]",Djibouti
Dominica,Roseau,"[{zoneName:'America\/Dominica',gmtOffset:-14400,gmtOffsetName:'UTC-04:00',abbreviation:'AST',tzName:'Atlantic Standard Time'}]",Dominica
Dominican Republic,Santo Domingo,"[{zoneName:'America\/Santo_Domingo',gmtOffset:-14400,gmtOffsetName:'UTC-04:00',abbreviation:'AST',tzName:'Atlantic Standard Time'}]",DominicanRepublic
East Timor,Dili,"[{zoneName:'Asia\/Dili',gmtOffset:32400,gmtOffsetName:'UTC+09:00',abbreviation:'TLT',tzName:'Timor Leste Time'}]",EastTimor
Ecuador,Quito,"[{zoneName:'America\/Guayaquil',gmtOffset:-18000,gmtOffsetName:'UTC-05:00',abbreviation:'ECT',tzName:'Ecuador Time'},{zoneName:'Pacific\/Galapagos',gmtOffset:-21600,gmtOffsetName:'UTC-06:00',abbreviation:'GALT',tzName:'Gal\u00e1pagos Time'}]",Ecuador
Egypt,Cairo,"[{zoneName:'Africa\/Cairo',gmtOffset:7200,gmtOffsetName:'UTC+02:00',abbreviation:'EET',tzName:'Eastern European Time'}]",Egypt
El Salvador,San Salvador,"[{zoneName:'America\/El_Salvador',gmtOffset:-21600,gmtOffsetName:'UTC-06:00',abbreviation:'CST',tzName:'Central Standard Time (North America'}]",ElSalvador
Equatorial Guinea,Malabo,"[{zoneName:'Africa\/Malabo',gmtOffset:3600,gmtOffsetName:'UTC+01:00',abbreviation:'WAT',tzName:'West Africa Time'}]",EquatorialGuinea
Eritrea,Asmara,"[{zoneName:'Africa\/Asmara',gmtOffset:10800,gmtOffsetName:'UTC+03:00',abbreviation:'EAT',tzName:'East Africa Time'}]",Eritrea
Estonia,Tallinn,"[{zoneName:'Europe\/Tallinn',gmtOffset:7200,gmtOffsetName:'UTC+02:00',abbreviation:'EET',tzName:'Eastern European Time'}]",Estonia
Ethiopia,Addis Ababa,"[{zoneName:'Africa\/Addis_Ababa',gmtOffset:10800,gmtOffsetName:'UTC+03:00',abbreviation:'EAT',tzName:'East Africa Time'}]",Ethiopia
Falkland Islands,Stanley,"[{zoneName:'Atlantic\/Stanley',gmtOffset:-10800,gmtOffsetName:'UTC-03:00',abbreviation:'FKST',tzName:'Falkland Islands Summer Time'}]",FalklandIslands
Faroe Islands,Torshavn,"[{zoneName:'Atlantic\/Faroe',gmtOffset:0,gmtOffsetName:'UTC\u00b100',abbreviation:'WET',tzName:'Western European Time'}]",FaroeIslands
Fiji Islands,Suva,"[{zoneName:'Pacific\/Fiji',gmtOffset:43200,gmtOffsetName:'UTC+12:00',abbreviation:'FJT',tzName:'Fiji Time'}]",FijiIslands
Finland,Helsinki,"[{zoneName:'Europe\/Helsinki',gmtOffset:7200,gmtOffsetName:'UTC+02:00',abbreviation:'EET',tzName:'Eastern European Time'}]",Finland
France,Paris,"[{zoneName:'Europe\/Paris',gmtOffset:3600,gmtOffsetName:'UTC+01:00',abbreviation:'CET',tzName:'Central European Time'}]",France
French Guiana,Cayenne,"[{zoneName:'America\/Cayenne',gmtOffset:-10800,gmtOffsetName:'UTC-03:00',abbreviation:'GFT',tzName:'French Guiana Time'}]",FrenchGuiana
French Polynesia,Papeete,"[{zoneName:'Pacific\/Gambier',gmtOffset:-32400,gmtOffsetName:'UTC-09:00',abbreviation:'GAMT',tzName:'Gambier Islands Time'},{zoneName:'Pacific\/Marquesas',gmtOffset:-34200,gmtOffsetName:'UTC-09:30',abbreviation:'MART',tzName:'Marquesas Islands Time'},{zoneName:'Pacific\/Tahiti',gmtOffset:-36000,gmtOffsetName:'UTC-10:00',abbreviation:'TAHT',tzName:'Tahiti Time'}]",FrenchPolynesia
French Southern Territories,Port-aux-Francais,"[{zoneName:'Indian\/Kerguelen',gmtOffset:18000,gmtOffsetName:'UTC+05:00',abbreviation:'TFT',tzName:'French Southern and Antarctic Time'}]",FrenchSouthernTerritories
Gabon,Libreville,"[{zoneName:'Africa\/Libreville',gmtOffset:3600,gmtOffsetName:'UTC+01:00',abbreviation:'WAT',tzName:'West Africa Time'}]",Gabon
Gambia The,Banjul,"[{zoneName:'Africa\/Banjul',gmtOffset:0,gmtOffsetName:'UTC\u00b100',abbreviation:'GMT',tzName:'Greenwich Mean Time'}]",GambiaThe
Georgia,Tbilisi,"[{zoneName:'Asia\/Tbilisi',gmtOffset:14400,gmtOffsetName:'UTC+04:00',abbreviation:'GET',tzName:'Georgia Standard Time'}]",Georgia
Germany,Berlin,"[{zoneName:'Europe\/Berlin',gmtOffset:3600,gmtOffsetName:'UTC+01:00',abbreviation:'CET',tzName:'Central European Time'},{zoneName:'Europe\/Busingen',gmtOffset:3600,gmtOffsetName:'UTC+01:00',abbreviation:'CET',tzName:'Central European Time'}]",Germany
Ghana,Accra,"[{zoneName:'Africa\/Accra',gmtOffset:0,gmtOffsetName:'UTC\u00b100',abbreviation:'GMT',tzName:'Greenwich Mean Time'}]",Ghana
Gibraltar,Gibraltar,"[{zoneName:'Europe\/Gibraltar',gmtOffset:3600,gmtOffsetName:'UTC+01:00',abbreviation:'CET',tzName:'Central European Time'}]",Gibraltar
Greece,Athens,"[{zoneName:'Europe\/Athens',gmtOffset:7200,gmtOffsetName:'UTC+02:00',abbreviation:'EET',tzName:'Eastern European Time'}]",Greece
Greenland,Nuuk,"[{zoneName:'America\/Danmarkshavn',gmtOffset:0,gmtOffsetName:'UTC\u00b100',abbreviation:'GMT',tzName:'Greenwich Mean Time'},{zoneName:'America\/Nuuk',gmtOffset:-10800,gmtOffsetName:'UTC-03:00',abbreviation:'WGT',tzName:'West Greenland Time'},{zoneName:'America\/Scoresbysund',gmtOffset:-3600,gmtOffsetName:'UTC-01:00',abbreviation:'EGT',tzName:'Eastern Greenland Time'},{zoneName:'America\/Thule',gmtOffset:-14400,gmtOffsetName:'UTC-04:00',abbreviation:'AST',tzName:'Atlantic Standard Time'}]",Greenland
Grenada,St. George's,"[{zoneName:'America\/Grenada',gmtOffset:-14400,gmtOffsetName:'UTC-04:00',abbreviation:'AST',tzName:'Atlantic Standard Time'}]",Grenada
Guadeloupe,Basse-Terre,"[{zoneName:'America\/Guadeloupe',gmtOffset:-14400,gmtOffsetName:'UTC-04:00',abbreviation:'AST',tzName:'Atlantic Standard Time'}]",Guadeloupe
Guam,Hagatna,"[{zoneName:'Pacific\/Guam',gmtOffset:36000,gmtOffsetName:'UTC+10:00',abbreviation:'CHST',tzName:'Chamorro Standard Time'}]",8Guam9
Guatemala,Guatemala City,"[{zoneName:'America\/Guatemala',gmtOffset:-21600,gmtOffsetName:'UTC-06:00',abbreviation:'CST',tzName:'Central Standard Time (North America'}]",Guatemala
Guernsey and Alderney,St Peter Port,"[{zoneName:'Europe\/Guernsey',gmtOffset:0,gmtOffsetName:'UTC\u00b100',abbreviation:'GMT',tzName:'Greenwich Mean Time'}]",GuernseyandAlderney
Guinea,Conakry,"[{zoneName:'Africa\/Conakry',gmtOffset:0,gmtOffsetName:'UTC\u00b100',abbreviation:'GMT',tzName:'Greenwich Mean Time'}]",Guinea
Guinea-Bissau,Bissau,"[{zoneName:'Africa\/Bissau',gmtOffset:0,gmtOffsetName:'UTC\u00b100',abbreviation:'GMT',tzName:'Greenwich Mean Time'}]",Guinea-Bissau
Guyana,Georgetown,"[{zoneName:'America\/Guyana',gmtOffset:-14400,gmtOffsetName:'UTC-04:00',abbreviation:'GYT',tzName:'Guyana Time'}]",Guyana
Haiti,Port-au-Prince,"[{zoneName:'America\/Port-au-Prince',gmtOffset:-18000,gmtOffsetName:'UTC-05:00',abbreviation:'EST',tzName:'Eastern Standard Time (North America'}]",Haiti
Heard Island and McDonald Islands,,"[{zoneName:'Indian\/Kerguelen',gmtOffset:18000,gmtOffsetName:'UTC+05:00',abbreviation:'TFT',tzName:'French Southern and Antarctic Time'}]",HeardIslandandMcDonaldIslands
Honduras,Tegucigalpa,"[{zoneName:'America\/Tegucigalpa',gmtOffset:-21600,gmtOffsetName:'UTC-06:00',abbreviation:'CST',tzName:'Central Standard Time (North America'}]",Honduras
Hong Kong S.A.R.,Hong Kong,"[{zoneName:'Asia\/Hong_Kong',gmtOffset:28800,gmtOffsetName:'UTC+08:00',abbreviation:'HKT',tzName:'Hong Kong Time'}]",HongKongS.A.R.
Hungary,Budapest,"[{zoneName:'Europe\/Budapest',gmtOffset:3600,gmtOffsetName:'UTC+01:00',abbreviation:'CET',tzName:'Central European Time'}]",Hungary
Iceland,Reykjavik,"[{zoneName:'Atlantic\/Reykjavik',gmtOffset:0,gmtOffsetName:'UTC\u00b100',abbreviation:'GMT',tzName:'Greenwich Mean Time'}]",Iceland
India,New Delhi,"[{zoneName:'Asia\/Kolkata',gmtOffset:19800,gmtOffsetName:'UTC+05:30',abbreviation:'IST',tzName:'Indian Standard Time'}]",India
Indonesia,Jakarta,"[{zoneName:'Asia\/Jakarta',gmtOffset:25200,gmtOffsetName:'UTC+07:00',abbreviation:'WIB',tzName:'Western Indonesian Time'},{zoneName:'Asia\/Jayapura',gmtOffset:32400,gmtOffsetName:'UTC+09:00',abbreviation:'WIT',tzName:'Eastern Indonesian Time'},{zoneName:'Asia\/Makassar',gmtOffset:28800,gmtOffsetName:'UTC+08:00',abbreviation:'WITA',tzName:'Central Indonesia Time'},{zoneName:'Asia\/Pontianak',gmtOffset:25200,gmtOffsetName:'UTC+07:00',abbreviation:'WIB',tzName:'Western Indonesian Time'}]",Indonesia
Iran,Tehran,"[{zoneName:'Asia\/Tehran',gmtOffset:12600,gmtOffsetName:'UTC+03:30',abbreviation:'IRDT',tzName:'Iran Daylight Time'}]",Iran
Iraq,Baghdad,"[{zoneName:'Asia\/Baghdad',gmtOffset:10800,gmtOffsetName:'UTC+03:00',abbreviation:'AST',tzName:'Arabia Standard Time'}]",Iraq
Ireland,Dublin,"[{zoneName:'Europe\/Dublin',gmtOffset:0,gmtOffsetName:'UTC\u00b100',abbreviation:'GMT',tzName:'Greenwich Mean Time'}]",Ireland
Israel,Jerusalem,"[{zoneName:'Asia\/Jerusalem',gmtOffset:7200,gmtOffsetName:'UTC+02:00',abbreviation:'IST',tzName:'Israel Standard Time'}]",Israel
Italy,Rome,"[{zoneName:'Europe\/Rome',gmtOffset:3600,gmtOffsetName:'UTC+01:00',abbreviation:'CET',tzName:'Central European Time'}]",Italy
Jamaica,Kingston,"[{zoneName:'America\/Jamaica',gmtOffset:-18000,gmtOffsetName:'UTC-05:00',abbreviation:'EST',tzName:'Eastern Standard Time (North America'}]",Jamaica
Japan,Tokyo,"[{zoneName:'Asia\/Tokyo',gmtOffset:32400,gmtOffsetName:'UTC+09:00',abbreviation:'JST',tzName:'Japan Standard Time'}]",Japan
Jersey,Saint Helier,"[{zoneName:'Europe\/Jersey',gmtOffset:0,gmtOffsetName:'UTC\u00b100',abbreviation:'GMT',tzName:'Greenwich Mean Time'}]",Jersey
Jordan,Amman,"[{zoneName:'Asia\/Amman',gmtOffset:7200,gmtOffsetName:'UTC+02:00',abbreviation:'EET',tzName:'Eastern European Time'}]",Jordan
Kazakhstan,Astana,"[{zoneName:'Asia\/Almaty',gmtOffset:21600,gmtOffsetName:'UTC+06:00',abbreviation:'ALMT',tzName:'Alma-Ata Time[1'},{zoneName:'Asia\/Aqtau',gmtOffset:18000,gmtOffsetName:'UTC+05:00',abbreviation:'AQTT',tzName:'Aqtobe Time'},{zoneName:'Asia\/Aqtobe',gmtOffset:18000,gmtOffsetName:'UTC+05:00',abbreviation:'AQTT',tzName:'Aqtobe Time'},{zoneName:'Asia\/Atyrau',gmtOffset:18000,gmtOffsetName:'UTC+05:00',abbreviation:'MSD+1',tzName:'Moscow Daylight Time+1'},{zoneName:'Asia\/Oral',gmtOffset:18000,gmtOffsetName:'UTC+05:00',abbreviation:'ORAT',tzName:'Oral Time'},{zoneName:'Asia\/Qostanay',gmtOffset:21600,gmtOffsetName:'UTC+06:00',abbreviation:'QYZST',tzName:'Qyzylorda Summer Time'},{zoneName:'Asia\/Qyzylorda',gmtOffset:18000,gmtOffsetName:'UTC+05:00',abbreviation:'QYZT',tzName:'Qyzylorda Summer Time'}]",Kazakhstan
Kenya,Nairobi,"[{zoneName:'Africa\/Nairobi',gmtOffset:10800,gmtOffsetName:'UTC+03:00',abbreviation:'EAT',tzName:'East Africa Time'}]",Kenya
Kiribati,Tarawa,"[{zoneName:'Pacific\/Enderbury',gmtOffset:46800,gmtOffsetName:'UTC+13:00',abbreviation:'PHOT',tzName:'Phoenix Island Time'},{zoneName:'Pacific\/Kiritimati',gmtOffset:50400,gmtOffsetName:'UTC+14:00',abbreviation:'LINT',tzName:'Line Islands Time'},{zoneName:'Pacific\/Tarawa',gmtOffset:43200,gmtOffsetName:'UTC+12:00',abbreviation:'GILT',tzName:'Gilbert Island Time'}]",Kiribati
Korea North,Pyongyang,"[{zoneName:'Asia\/Pyongyang',gmtOffset:32400,gmtOffsetName:'UTC+09:00',abbreviation:'KST',tzName:'Korea Standard Time'}]",KoreaNorth
Korea South,Seoul,"[{zoneName:'Asia\/Seoul',gmtOffset:32400,gmtOffsetName:'UTC+09:00',abbreviation:'KST',tzName:'Korea Standard Time'}]",KoreaSouth
Kosovo,Pristina,"[{zoneName:'Europe\/Belgrade',gmtOffset:3600,gmtOffsetName:'UTC+01:00',abbreviation:'CET',tzName:'Central European Time'}]",Kosovo
Kuwait,Kuwait City,"[{zoneName:'Asia\/Kuwait',gmtOffset:10800,gmtOffsetName:'UTC+03:00',abbreviation:'AST',tzName:'Arabia Standard Time'}]",Kuwait
Kyrgyzstan,Bishkek,"[{zoneName:'Asia\/Bishkek',gmtOffset:21600,gmtOffsetName:'UTC+06:00',abbreviation:'KGT',tzName:'Kyrgyzstan Time'}]",Kyrgyzstan
Laos,Vientiane,"[{zoneName:'Asia\/Vientiane',gmtOffset:25200,gmtOffsetName:'UTC+07:00',abbreviation:'ICT',tzName:'Indochina Time'}]",Laos
Latvia,Riga,"[{zoneName:'Europe\/Riga',gmtOffset:7200,gmtOffsetName:'UTC+02:00',abbreviation:'EET',tzName:'Eastern European Time'}]",Latvia
Lebanon,Beirut,"[{zoneName:'Asia\/Beirut',gmtOffset:7200,gmtOffsetName:'UTC+02:00',abbreviation:'EET',tzName:'Eastern European Time'}]",Lebanon
Lesotho,Maseru,"[{zoneName:'Africa\/Maseru',gmtOffset:7200,gmtOffsetName:'UTC+02:00',abbreviation:'SAST',tzName:'South African Standard Time'}]",Lesotho
Liberia,Monrovia,"[{zoneName:'Africa\/Monrovia',gmtOffset:0,gmtOffsetName:'UTC\u00b100',abbreviation:'GMT',tzName:'Greenwich Mean Time'}]",Liberia
Libya,Tripolis,"[{zoneName:'Africa\/Tripoli',gmtOffset:7200,gmtOffsetName:'UTC+02:00',abbreviation:'EET',tzName:'Eastern European Time'}]",Libya
Liechtenstein,Vaduz,"[{zoneName:'Europe\/Vaduz',gmtOffset:3600,gmtOffsetName:'UTC+01:00',abbreviation:'CET',tzName:'Central European Time'}]",Liechtenstein
Lithuania,Vilnius,"[{zoneName:'Europe\/Vilnius',gmtOffset:7200,gmtOffsetName:'UTC+02:00',abbreviation:'EET',tzName:'Eastern European Time'}]",Lithuania
Luxembourg,Luxembourg,"[{zoneName:'Europe\/Luxembourg',gmtOffset:3600,gmtOffsetName:'UTC+01:00',abbreviation:'CET',tzName:'Central European Time'}]",Luxembourg
Macau S.A.R.,Macao,"[{zoneName:'Asia\/Macau',gmtOffset:28800,gmtOffsetName:'UTC+08:00',abbreviation:'CST',tzName:'China Standard Time'}]",MacauS.A.R.
Macedonia,Skopje,"[{zoneName:'Europe\/Skopje',gmtOffset:3600,gmtOffsetName:'UTC+01:00',abbreviation:'CET',tzName:'Central European Time'}]",Macedonia
Madagascar,Antananarivo,"[{zoneName:'Indian\/Antananarivo',gmtOffset:10800,gmtOffsetName:'UTC+03:00',abbreviation:'EAT',tzName:'East Africa Time'}]",Madagascar
Malawi,Lilongwe,"[{zoneName:'Africa\/Blantyre',gmtOffset:7200,gmtOffsetName:'UTC+02:00',abbreviation:'CAT',tzName:'Central Africa Time'}]",Malawi
Malaysia,Kuala Lumpur,"[{zoneName:'Asia\/Kuala_Lumpur',gmtOffset:28800,gmtOffsetName:'UTC+08:00',abbreviation:'MYT',tzName:'Malaysia Time'},{zoneName:'Asia\/Kuching',gmtOffset:28800,gmtOffsetName:'UTC+08:00',abbreviation:'MYT',tzName:'Malaysia Time'}]",Malaysia
Maldives,Male,"[{zoneName:'Indian\/Maldives',gmtOffset:18000,gmtOffsetName:'UTC+05:00',abbreviation:'MVT',tzName:'Maldives Time'}]",Maldives
Mali,Bamako,"[{zoneName:'Africa\/Bamako',gmtOffset:0,gmtOffsetName:'UTC\u00b100',abbreviation:'GMT',tzName:'Greenwich Mean Time'}]",Mali
Malta,Valletta,"[{zoneName:'Europe\/Malta',gmtOffset:3600,gmtOffsetName:'UTC+01:00',abbreviation:'CET',tzName:'Central European Time'}]",Malta
Man(Isleof),"Douglas, Isle of Man","[{zoneName:'Europe\/Isle_of_Man',gmtOffset:0,gmtOffsetName:'UTC\u00b100',abbreviation:'GMT',tzName:'Greenwich Mean Time'}]",Man(Isleof)
Marshall Islands,Majuro,"[{zoneName:'Pacific\/Kwajalein',gmtOffset:43200,gmtOffsetName:'UTC+12:00',abbreviation:'MHT',tzName:'Marshall Islands Time'},{zoneName:'Pacific\/Majuro',gmtOffset:43200,gmtOffsetName:'UTC+12:00',abbreviation:'MHT',tzName:'Marshall Islands Time'}]",MarshallIslands
Martinique,Fort-de-France,"[{zoneName:'America\/Martinique',gmtOffset:-14400,gmtOffsetName:'UTC-04:00',abbreviation:'AST',tzName:'Atlantic Standard Time'}]",Martinique
Mauritania,Nouakchott,"[{zoneName:'Africa\/Nouakchott',gmtOffset:0,gmtOffsetName:'UTC\u00b100',abbreviation:'GMT',tzName:'Greenwich Mean Time'}]",Mauritania
Mauritius,Port Louis,"[{zoneName:'Indian\/Mauritius',gmtOffset:14400,gmtOffsetName:'UTC+04:00',abbreviation:'MUT',tzName:'Mauritius Time'}]",Mauritius
Mayotte,Mamoudzou,"[{zoneName:'Indian\/Mayotte',gmtOffset:10800,gmtOffsetName:'UTC+03:00',abbreviation:'EAT',tzName:'East Africa Time'}]",Mayotte
Mexico,Mexico City,"[{zoneName:'America\/Bahia_Banderas',gmtOffset:-21600,gmtOffsetName:'UTC-06:00',abbreviation:'CST',tzName:'Central Standard Time (North America'},{zoneName:'America\/Cancun',gmtOffset:-18000,gmtOffsetName:'UTC-05:00',abbreviation:'EST',tzName:'Eastern Standard Time (North America'},{zoneName:'America\/Chihuahua',gmtOffset:-25200,gmtOffsetName:'UTC-07:00',abbreviation:'MST',tzName:'Mountain Standard Time (North America'},{zoneName:'America\/Hermosillo',gmtOffset:-25200,gmtOffsetName:'UTC-07:00',abbreviation:'MST',tzName:'Mountain Standard Time (North America'},{zoneName:'America\/Matamoros',gmtOffset:-21600,gmtOffsetName:'UTC-06:00',abbreviation:'CST',tzName:'Central Standard Time (North America'},{zoneName:'America\/Mazatlan',gmtOffset:-25200,gmtOffsetName:'UTC-07:00',abbreviation:'MST',tzName:'Mountain Standard Time (North America'},{zoneName:'America\/Merida',gmtOffset:-21600,gmtOffsetName:'UTC-06:00',abbreviation:'CST',tzName:'Central Standard Time (North America'},{zoneName:'America\/Mexico_City',gmtOffset:-21600,gmtOffsetName:'UTC-06:00',abbreviation:'CST',tzName:'Central Standard Time (North America'},{zoneName:'America\/Monterrey',gmtOffset:-21600,gmtOffsetName:'UTC-06:00',abbreviation:'CST',tzName:'Central Standard Time (North America'},{zoneName:'America\/Ojinaga',gmtOffset:-25200,gmtOffsetName:'UTC-07:00',abbreviation:'MST',tzName:'Mountain Standard Time (North America'},{zoneName:'America\/Tijuana',gmtOffset:-28800,gmtOffsetName:'UTC-08:00',abbreviation:'PST',tzName:'Pacific Standard Time (North America'}]",Mexico
Micronesia,Palikir,"[{zoneName:'Pacific\/Chuuk',gmtOffset:36000,gmtOffsetName:'UTC+10:00',abbreviation:'CHUT',tzName:'Chuuk Time'},{zoneName:'Pacific\/Kosrae',gmtOffset:39600,gmtOffsetName:'UTC+11:00',abbreviation:'KOST',tzName:'Kosrae Time'},{zoneName:'Pacific\/Pohnpei',gmtOffset:39600,gmtOffsetName:'UTC+11:00',abbreviation:'PONT',tzName:'Pohnpei Standard Time'}]",Micronesia
Moldova,Chisinau,"[{zoneName:'Europe\/Chisinau',gmtOffset:7200,gmtOffsetName:'UTC+02:00',abbreviation:'EET',tzName:'Eastern European Time'}]",Moldova
Monaco,Monaco,"[{zoneName:'Europe\/Monaco',gmtOffset:3600,gmtOffsetName:'UTC+01:00',abbreviation:'CET',tzName:'Central European Time'}]",Monaco
Mongolia,Ulan Bator,"[{zoneName:'Asia\/Choibalsan',gmtOffset:28800,gmtOffsetName:'UTC+08:00',abbreviation:'CHOT',tzName:'Choibalsan Standard Time'},{zoneName:'Asia\/Hovd',gmtOffset:25200,gmtOffsetName:'UTC+07:00',abbreviation:'HOVT',tzName:'Hovd Time'},{zoneName:'Asia\/Ulaanbaatar',gmtOffset:28800,gmtOffsetName:'UTC+08:00',abbreviation:'ULAT',tzName:'Ulaanbaatar Standard Time'}]",Mongolia
Montenegro,Podgorica,"[{zoneName:'Europe\/Podgorica',gmtOffset:3600,gmtOffsetName:'UTC+01:00',abbreviation:'CET',tzName:'Central European Time'}]",Montenegro
Montserrat,Plymouth,"[{zoneName:'America\/Montserrat',gmtOffset:-14400,gmtOffsetName:'UTC-04:00',abbreviation:'AST',tzName:'Atlantic Standard Time'}]",Montserrat
Morocco,Rabat,"[{zoneName:'Africa\/Casablanca',gmtOffset:3600,gmtOffsetName:'UTC+01:00',abbreviation:'WEST',tzName:'Western European Summer Time'}]",Morocco
Mozambique,Maputo,"[{zoneName:'Africa\/Maputo',gmtOffset:7200,gmtOffsetName:'UTC+02:00',abbreviation:'CAT',tzName:'Central Africa Time'}]",Mozambique
Myanmar,Nay Pyi Taw,"[{zoneName:'Asia\/Yangon',gmtOffset:23400,gmtOffsetName:'UTC+06:30',abbreviation:'MMT',tzName:'Myanmar Standard Time'}]",Myanmar
Namibia,Windhoek,"[{zoneName:'Africa\/Windhoek',gmtOffset:7200,gmtOffsetName:'UTC+02:00',abbreviation:'WAST',tzName:'West Africa Summer Time'}]",Namibia
Nauru,Yaren,"[{zoneName:'Pacific\/Nauru',gmtOffset:43200,gmtOffsetName:'UTC+12:00',abbreviation:'NRT',tzName:'Nauru Time'}]",Nauru
Nepal,Kathmandu,"[{zoneName:'Asia\/Kathmandu',gmtOffset:20700,gmtOffsetName:'UTC+05:45',abbreviation:'NPT',tzName:'Nepal Time'}]",Nepal
Netherlands The,Amsterdam,"[{zoneName:'Europe\/Amsterdam',gmtOffset:3600,gmtOffsetName:'UTC+01:00',abbreviation:'CET',tzName:'Central European Time'}]",NetherlandsThe
New Caledonia,Noumea,"[{zoneName:'Pacific\/Noumea',gmtOffset:39600,gmtOffsetName:'UTC+11:00',abbreviation:'NCT',tzName:'New Caledonia Time'}]",NewCaledonia
New Zealand,Wellington,"[{zoneName:'Pacific\/Auckland',gmtOffset:46800,gmtOffsetName:'UTC+13:00',abbreviation:'NZDT',tzName:'New Zealand Daylight Time'},{zoneName:'Pacific\/Chatham',gmtOffset:49500,gmtOffsetName:'UTC+13:45',abbreviation:'CHAST',tzName:'Chatham Standard Time'}]",Zealand
Nicaragua,Managua,"[{zoneName:'America\/Managua',gmtOffset:-21600,gmtOffsetName:'UTC-06:00',abbreviation:'CST',tzName:'Central Standard Time (North America'}]",Nicaragua
Niger,Niamey,"[{zoneName:'Africa\/Niamey',gmtOffset:3600,gmtOffsetName:'UTC+01:00',abbreviation:'WAT',tzName:'West Africa Time'}]",Niger
Nigeria,Abuja,"[{zoneName:'Africa\/Lagos',gmtOffset:3600,gmtOffsetName:'UTC+01:00',abbreviation:'WAT',tzName:'West Africa Time'}]",Nigeria
Niue,Alofi,"[{zoneName:'Pacific\/Niue',gmtOffset:-39600,gmtOffsetName:'UTC-11:00',abbreviation:'NUT',tzName:'Niue Time'}]",Niue
Norfolk Island,Kingston,"[{zoneName:'Pacific\/Norfolk',gmtOffset:43200,gmtOffsetName:'UTC+12:00',abbreviation:'NFT',tzName:'Norfolk Time'}]",NorfolkIsland
Northern Mariana Islands,Saipan,"[{zoneName:'Pacific\/Saipan',gmtOffset:36000,gmtOffsetName:'UTC+10:00',abbreviation:'ChST',tzName:'Chamorro Standard Time'}]",NorthernMarianaIslands
Norway,Oslo,"[{zoneName:'Europe\/Oslo',gmtOffset:3600,gmtOffsetName:'UTC+01:00',abbreviation:'CET',tzName:'Central European Time'}]",Norway
Oman,Muscat,"[{zoneName:'Asia\/Muscat',gmtOffset:14400,gmtOffsetName:'UTC+04:00',abbreviation:'GST',tzName:'Gulf Standard Time'}]",Oman
Pakistan,Islamabad,"[{zoneName:'Asia\/Karachi',gmtOffset:18000,gmtOffsetName:'UTC+05:00',abbreviation:'PKT',tzName:'Pakistan Standard Time'}]",Pakistan
Palau,Melekeok,"[{zoneName:'Pacific\/Palau',gmtOffset:32400,gmtOffsetName:'UTC+09:00',abbreviation:'PWT',tzName:'Palau Time'}]",Palau
Palestinian Territory Occupied,East Jerusalem,"[{zoneName:'Asia\/Gaza',gmtOffset:7200,gmtOffsetName:'UTC+02:00',abbreviation:'EET',tzName:'Eastern European Time'},{zoneName:'Asia\/Hebron',gmtOffset:7200,gmtOffsetName:'UTC+02:00',abbreviation:'EET',tzName:'Eastern European Time'}]",PalestinianTerritoryOccupied
Panama,Panama City,"[{zoneName:'America\/Panama',gmtOffset:-18000,gmtOffsetName:'UTC-05:00',abbreviation:'EST',tzName:'Eastern Standard Time (North America'}]",Panama
Papua new Guinea,Port Moresby,"[{zoneName:'Pacific\/Bougainville',gmtOffset:39600,gmtOffsetName:'UTC+11:00',abbreviation:'BST',tzName:'Bougainville Standard Time[6'},{zoneName:'Pacific\/Port_Moresby',gmtOffset:36000,gmtOffsetName:'UTC+10:00',abbreviation:'PGT',tzName:'Papua New Guinea Time'}]",PapuanewGuinea
Paraguay,Asuncion,"[{zoneName:'America\/Asuncion',gmtOffset:-10800,gmtOffsetName:'UTC-03:00',abbreviation:'PYST',tzName:'Paraguay Summer Time'}]",Paraguay
Peru,Lima,"[{zoneName:'America\/Lima',gmtOffset:-18000,gmtOffsetName:'UTC-05:00',abbreviation:'PET',tzName:'Peru Time'}]",Peru
Philippines,Manila,"[{zoneName:'Asia\/Manila',gmtOffset:28800,gmtOffsetName:'UTC+08:00',abbreviation:'PHT',tzName:'Philippine Time'}]",Philippines
Pitcairn Island,Adamstown,"[{zoneName:'Pacific\/Pitcairn',gmtOffset:-28800,gmtOffsetName:'UTC-08:00',abbreviation:'PST',tzName:'Pacific Standard Time (North America'}]",PitcairnIsland
Poland,Warsaw,"[{zoneName:'Europe\/Warsaw',gmtOffset:3600,gmtOffsetName:'UTC+01:00',abbreviation:'CET',tzName:'Central European Time'}]",Poland
Portugal,Lisbon,"[{zoneName:'Atlantic\/Azores',gmtOffset:-3600,gmtOffsetName:'UTC-01:00',abbreviation:'AZOT',tzName:'Azores Standard Time'},{zoneName:'Atlantic\/Madeira',gmtOffset:0,gmtOffsetName:'UTC\u00b100',abbreviation:'WET',tzName:'Western European Time'},{zoneName:'Europe\/Lisbon',gmtOffset:0,gmtOffsetName:'UTC\u00b100',abbreviation:'WET',tzName:'Western European Time'}]",Portugal
Puerto Rico,San Juan,"[{zoneName:'America\/Puerto_Rico',gmtOffset:-14400,gmtOffsetName:'UTC-04:00',abbreviation:'AST',tzName:'Atlantic Standard Time'}]",PuertoRico
Qatar,Doha,"[{zoneName:'Asia\/Qatar',gmtOffset:10800,gmtOffsetName:'UTC+03:00',abbreviation:'AST',tzName:'Arabia Standard Time'}]",Qatar
Reunion,Saint-Denis,"[{zoneName:'Indian\/Reunion',gmtOffset:14400,gmtOffsetName:'UTC+04:00',abbreviation:'RET',tzName:'R\u00e9union Time'}]",Reunion
Romania,Bucharest,"[{zoneName:'Europe\/Bucharest',gmtOffset:7200,gmtOffsetName:'UTC+02:00',abbreviation:'EET',tzName:'Eastern European Time'}]",Romania
Russia,Moscow,"[{zoneName:'Asia\/Anadyr',gmtOffset:43200,gmtOffsetName:'UTC+12:00',abbreviation:'ANAT',tzName:'Anadyr Time[4'},{zoneName:'Asia\/Barnaul',gmtOffset:25200,gmtOffsetName:'UTC+07:00',abbreviation:'KRAT',tzName:'Krasnoyarsk Time'},{zoneName:'Asia\/Chita',gmtOffset:32400,gmtOffsetName:'UTC+09:00',abbreviation:'YAKT',tzName:'Yakutsk Time'},{zoneName:'Asia\/Irkutsk',gmtOffset:28800,gmtOffsetName:'UTC+08:00',abbreviation:'IRKT',tzName:'Irkutsk Time'},{zoneName:'Asia\/Kamchatka',gmtOffset:43200,gmtOffsetName:'UTC+12:00',abbreviation:'PETT',tzName:'Kamchatka Time'},{zoneName:'Asia\/Khandyga',gmtOffset:32400,gmtOffsetName:'UTC+09:00',abbreviation:'YAKT',tzName:'Yakutsk Time'},{zoneName:'Asia\/Krasnoyarsk',gmtOffset:25200,gmtOffsetName:'UTC+07:00',abbreviation:'KRAT',tzName:'Krasnoyarsk Time'},{zoneName:'Asia\/Magadan',gmtOffset:39600,gmtOffsetName:'UTC+11:00',abbreviation:'MAGT',tzName:'Magadan Time'},{zoneName:'Asia\/Novokuznetsk',gmtOffset:25200,gmtOffsetName:'UTC+07:00',abbreviation:'KRAT',tzName:'Krasnoyarsk Time'},{zoneName:'Asia\/Novosibirsk',gmtOffset:25200,gmtOffsetName:'UTC+07:00',abbreviation:'NOVT',tzName:'Novosibirsk Time'},{zoneName:'Asia\/Omsk',gmtOffset:21600,gmtOffsetName:'UTC+06:00',abbreviation:'OMST',tzName:'Omsk Time'},{zoneName:'Asia\/Sakhalin',gmtOffset:39600,gmtOffsetName:'UTC+11:00',abbreviation:'SAKT',tzName:'Sakhalin Island Time'},{zoneName:'Asia\/Srednekolymsk',gmtOffset:39600,gmtOffsetName:'UTC+11:00',abbreviation:'SRET',tzName:'Srednekolymsk Time'},{zoneName:'Asia\/Tomsk',gmtOffset:25200,gmtOffsetName:'UTC+07:00',abbreviation:'MSD+3',tzName:'Moscow Daylight Time+3'},{zoneName:'Asia\/Ust-Nera',gmtOffset:36000,gmtOffsetName:'UTC+10:00',abbreviation:'VLAT',tzName:'Vladivostok Time'},{zoneName:'Asia\/Vladivostok',gmtOffset:36000,gmtOffsetName:'UTC+10:00',abbreviation:'VLAT',tzName:'Vladivostok Time'},{zoneName:'Asia\/Yakutsk',gmtOffset:32400,gmtOffsetName:'UTC+09:00',abbreviation:'YAKT',tzName:'Yakutsk Time'},{zoneName:'Asia\/Yekaterinburg',gmtOffset:18000,gmtOffsetName:'UTC+05:00',abbreviation:'YEKT',tzName:'Yekaterinburg Time'},{zoneName:'Europe\/Astrakhan',gmtOffset:14400,gmtOffsetName:'UTC+04:00',abbreviation:'SAMT',tzName:'Samara Time'},{zoneName:'Europe\/Kaliningrad',gmtOffset:7200,gmtOffsetName:'UTC+02:00',abbreviation:'EET',tzName:'Eastern European Time'},{zoneName:'Europe\/Kirov',gmtOffset:10800,gmtOffsetName:'UTC+03:00',abbreviation:'MSK',tzName:'Moscow Time'},{zoneName:'Europe\/Moscow',gmtOffset:10800,gmtOffsetName:'UTC+03:00',abbreviation:'MSK',tzName:'Moscow Time'},{zoneName:'Europe\/Samara',gmtOffset:14400,gmtOffsetName:'UTC+04:00',abbreviation:'SAMT',tzName:'Samara Time'},{zoneName:'Europe\/Saratov',gmtOffset:14400,gmtOffsetName:'UTC+04:00',abbreviation:'MSD',tzName:'Moscow Daylight Time+4'},{zoneName:'Europe\/Ulyanovsk',gmtOffset:14400,gmtOffsetName:'UTC+04:00',abbreviation:'SAMT',tzName:'Samara Time'},{zoneName:'Europe\/Volgograd',gmtOffset:14400,gmtOffsetName:'UTC+04:00',abbreviation:'MSK',tzName:'Moscow Standard Time'}]",Russia
Rwanda,Kigali,"[{zoneName:'Africa\/Kigali',gmtOffset:7200,gmtOffsetName:'UTC+02:00',abbreviation:'CAT',tzName:'Central Africa Time'}]",Rwanda
Saint Helena,Jamestown,"[{zoneName:'Atlantic\/St_Helena',gmtOffset:0,gmtOffsetName:'UTC\u00b100',abbreviation:'GMT',tzName:'Greenwich Mean Time'}]",SaintHelena
Saint Kitts And Nevis,Basseterre,"[{zoneName:'America\/St_Kitts',gmtOffset:-14400,gmtOffsetName:'UTC-04:00',abbreviation:'AST',tzName:'Atlantic Standard Time'}]",SaintKittsAndNevis
Saint Lucia,Castries,"[{zoneName:'America\/St_Lucia',gmtOffset:-14400,gmtOffsetName:'UTC-04:00',abbreviation:'AST',tzName:'Atlantic Standard Time'}]",SaintLucia
Saint Pierre and Miquelon,Saint-Pierre,"[{zoneName:'America\/Miquelon',gmtOffset:-10800,gmtOffsetName:'UTC-03:00',abbreviation:'PMDT',tzName:'Pierre & Miquelon Daylight Time'}]",SaintPierreandMiquelon
Saint Vincent And The Grenadines,Kingstown,"[{zoneName:'America\/St_Vincent',gmtOffset:-14400,gmtOffsetName:'UTC-04:00',abbreviation:'AST',tzName:'Atlantic Standard Time'}]",SaintVincentAndTheGrenadines
Saint-Barthelemy,Gustavia,"[{zoneName:'America\/St_Barthelemy',gmtOffset:-14400,gmtOffsetName:'UTC-04:00',abbreviation:'AST',tzName:'Atlantic Standard Time'}]",Saint-Barthelemy
Saint-Martin (French part),Marigot,"[{zoneName:'America\/Marigot',gmtOffset:-14400,gmtOffsetName:'UTC-04:00',abbreviation:'AST',tzName:'Atlantic Standard Time'}]",Saint-Martin(Frenchpart)
Samoa,Apia,"[{zoneName:'Pacific\/Apia',gmtOffset:50400,gmtOffsetName:'UTC+14:00',abbreviation:'WST',tzName:'West Samoa Time'}]",Samoa
San Marino,San Marino,"[{zoneName:'Europe\/San_Marino',gmtOffset:3600,gmtOffsetName:'UTC+01:00',abbreviation:'CET',tzName:'Central European Time'}]",SanMarino
Sao Tome and Principe,Sao Tome,"[{zoneName:'Africa\/Sao_Tome',gmtOffset:0,gmtOffsetName:'UTC\u00b100',abbreviation:'GMT',tzName:'Greenwich Mean Time'}]",SaoTomeandPrincipe
Saudi Arabia,Riyadh,"[{zoneName:'Asia\/Riyadh',gmtOffset:10800,gmtOffsetName:'UTC+03:00',abbreviation:'AST',tzName:'Arabia Standard Time'}]",SaudiArabia
Senegal,Dakar,"[{zoneName:'Africa\/Dakar',gmtOffset:0,gmtOffsetName:'UTC\u00b100',abbreviation:'GMT',tzName:'Greenwich Mean Time'}]",Senegal
Serbia,Belgrade,"[{zoneName:'Europe\/Belgrade',gmtOffset:3600,gmtOffsetName:'UTC+01:00',abbreviation:'CET',tzName:'Central European Time'}]",Serbia
Seychelles,Victoria,"[{zoneName:'Indian\/Mahe',gmtOffset:14400,gmtOffsetName:'UTC+04:00',abbreviation:'SCT',tzName:'Seychelles Time'}]",Seychelles
Sierra Leone,Freetown,"[{zoneName:'Africa\/Freetown',gmtOffset:0,gmtOffsetName:'UTC\u00b100',abbreviation:'GMT',tzName:'Greenwich Mean Time'}]",SierraLeone
Singapore,Singapur,"[{zoneName:'Asia\/Singapore',gmtOffset:28800,gmtOffsetName:'UTC+08:00',abbreviation:'SGT',tzName:'Singapore Time'}]",Singapore
Sint Maarten (Dutch part),Philipsburg,"[{zoneName:'America\/Anguilla',gmtOffset:-14400,gmtOffsetName:'UTC-04:00',abbreviation:'AST',tzName:'Atlantic Standard Time'}]",SintMaarten(Dutchpart)
Slovakia,Bratislava,"[{zoneName:'Europe\/Bratislava',gmtOffset:3600,gmtOffsetName:'UTC+01:00',abbreviation:'CET',tzName:'Central European Time'}]",Slovakia
Slovenia,Ljubljana,"[{zoneName:'Europe\/Ljubljana',gmtOffset:3600,gmtOffsetName:'UTC+01:00',abbreviation:'CET',tzName:'Central European Time'}]",Slovenia
Solomon Islands,Honiara,"[{zoneName:'Pacific\/Guadalcanal',gmtOffset:39600,gmtOffsetName:'UTC+11:00',abbreviation:'SBT',tzName:'Solomon Islands Time'}]",SolomonIslands
Somalia,Mogadishu,"[{zoneName:'Africa\/Mogadishu',gmtOffset:10800,gmtOffsetName:'UTC+03:00',abbreviation:'EAT',tzName:'East Africa Time'}]",Somalia
South Africa,Pretoria,"[{zoneName:'Africa\/Johannesburg',gmtOffset:7200,gmtOffsetName:'UTC+02:00',abbreviation:'SAST',tzName:'South African Standard Time'}]",SouthAfrica
South Georgia,Grytviken,"[{zoneName:'Atlantic\/South_Georgia',gmtOffset:-7200,gmtOffsetName:'UTC-02:00',abbreviation:'GST',tzName:'South Georgia and the South Sandwich Islands Time'}]",SouthGeorgia
South Sudan,Juba,"[{zoneName:'Africa\/Juba',gmtOffset:10800,gmtOffsetName:'UTC+03:00',abbreviation:'EAT',tzName:'East Africa Time'}]",SouthSudan
Spain,Madrid,"[{zoneName:'Africa\/Ceuta',gmtOffset:3600,gmtOffsetName:'UTC+01:00',abbreviation:'CET',tzName:'Central European Time'},{zoneName:'Atlantic\/Canary',gmtOffset:0,gmtOffsetName:'UTC\u00b100',abbreviation:'WET',tzName:'Western European Time'},{zoneName:'Europe\/Madrid',gmtOffset:3600,gmtOffsetName:'UTC+01:00',abbreviation:'CET',tzName:'Central European Time'}]",Spain
Sri Lanka,Colombo,"[{zoneName:'Asia\/Colombo',gmtOffset:19800,gmtOffsetName:'UTC+05:30',abbreviation:'IST',tzName:'Indian Standard Time'}]",SriLanka
Sudan,Khartoum,"[{zoneName:'Africa\/Khartoum',gmtOffset:7200,gmtOffsetName:'UTC+02:00',abbreviation:'EAT',tzName:'Eastern African Time'}]",Sudan
Suriname,Paramaribo,"[{zoneName:'America\/Paramaribo',gmtOffset:-10800,gmtOffsetName:'UTC-03:00',abbreviation:'SRT',tzName:'Suriname Time'}]",Suriname
Svalbard And Jan Mayen Islands,Longyearbyen,"[{zoneName:'Arctic\/Longyearbyen',gmtOffset:3600,gmtOffsetName:'UTC+01:00',abbreviation:'CET',tzName:'Central European Time'}]",SvalbardAndJanMayenIslands
Swaziland,Mbabane,"[{zoneName:'Africa\/Mbabane',gmtOffset:7200,gmtOffsetName:'UTC+02:00',abbreviation:'SAST',tzName:'South African Standard Time'}]",Swaziland
Sweden,Stockholm,"[{zoneName:'Europe\/Stockholm',gmtOffset:3600,gmtOffsetName:'UTC+01:00',abbreviation:'CET',tzName:'Central European Time'}]",Sweden
Switzerland,Bern,"[{zoneName:'Europe\/Zurich',gmtOffset:3600,gmtOffsetName:'UTC+01:00',abbreviation:'CET',tzName:'Central European Time'}]",Switzerland
Syria,Damascus,"[{zoneName:'Asia\/Damascus',gmtOffset:7200,gmtOffsetName:'UTC+02:00',abbreviation:'EET',tzName:'Eastern European Time'}]",Syria
Taiwan,Taipei,"[{zoneName:'Asia\/Taipei',gmtOffset:28800,gmtOffsetName:'UTC+08:00',abbreviation:'CST',tzName:'China Standard Time'}]",Taiwan
Tajikistan,Dushanbe,"[{zoneName:'Asia\/Dushanbe',gmtOffset:18000,gmtOffsetName:'UTC+05:00',abbreviation:'TJT',tzName:'Tajikistan Time'}]",Tajikistan
Tanzania,Dodoma,"[{zoneName:'Africa\/Dar_es_Salaam',gmtOffset:10800,gmtOffsetName:'UTC+03:00',abbreviation:'EAT',tzName:'East Africa Time'}]",Tanzania
Thailand,Bangkok,"[{zoneName:'Asia\/Bangkok',gmtOffset:25200,gmtOffsetName:'UTC+07:00',abbreviation:'ICT',tzName:'Indochina Time'}]",Thailand
Togo,Lome,"[{zoneName:'Africa\/Lome',gmtOffset:0,gmtOffsetName:'UTC\u00b100',abbreviation:'GMT',tzName:'Greenwich Mean Time'}]",Togo
Tokelau,,"[{zoneName:'Pacific\/Fakaofo',gmtOffset:46800,gmtOffsetName:'UTC+13:00',abbreviation:'TKT',tzName:'Tokelau Time'}]",Tokelau
Tonga,Nuku'alofa,"[{zoneName:'Pacific\/Tongatapu',gmtOffset:46800,gmtOffsetName:'UTC+13:00',abbreviation:'TOT',tzName:'Tonga Time'}]",Tonga
Trinidad And Tobago,Port of Spain,"[{zoneName:'America\/Port_of_Spain',gmtOffset:-14400,gmtOffsetName:'UTC-04:00',abbreviation:'AST',tzName:'Atlantic Standard Time'}]",TrinidadAndTobago
Tunisia,Tunis,"[{zoneName:'Africa\/Tunis',gmtOffset:3600,gmtOffsetName:'UTC+01:00',abbreviation:'CET',tzName:'Central European Time'}]",Tunisia
Turkey,Ankara,"[{zoneName:'Europe\/Istanbul',gmtOffset:10800,gmtOffsetName:'UTC+03:00',abbreviation:'EET',tzName:'Eastern European Time'}]",Turkey
Turkmenistan,Ashgabat,"[{zoneName:'Asia\/Ashgabat',gmtOffset:18000,gmtOffsetName:'UTC+05:00',abbreviation:'TMT',tzName:'Turkmenistan Time'}]",Turkmenistan
Turks And Caicos Islands,Cockburn Town,"[{zoneName:'America\/Grand_Turk',gmtOffset:-18000,gmtOffsetName:'UTC-05:00',abbreviation:'EST',tzName:'Eastern Standard Time (North America'}]",TurksAndCaicosIslands
Tuvalu,Funafuti,"[{zoneName:'Pacific\/Funafuti',gmtOffset:43200,gmtOffsetName:'UTC+12:00',abbreviation:'TVT',tzName:'Tuvalu Time'}]",Tuvalu
Uganda,Kampala,"[{zoneName:'Africa\/Kampala',gmtOffset:10800,gmtOffsetName:'UTC+03:00',abbreviation:'EAT',tzName:'East Africa Time'}]",Uganda
Ukraine,Kiev,"[{zoneName:'Europe\/Kiev',gmtOffset:7200,gmtOffsetName:'UTC+02:00',abbreviation:'EET',tzName:'Eastern European Time'},{zoneName:'Europe\/Simferopol',gmtOffset:10800,gmtOffsetName:'UTC+03:00',abbreviation:'MSK',tzName:'Moscow Time'},{zoneName:'Europe\/Uzhgorod',gmtOffset:7200,gmtOffsetName:'UTC+02:00',abbreviation:'EET',tzName:'Eastern European Time'},{zoneName:'Europe\/Zaporozhye',gmtOffset:7200,gmtOffsetName:'UTC+02:00',abbreviation:'EET',tzName:'Eastern European Time'}]",Ukraine
United Arab Emirates,Abu Dhabi,"[{zoneName:'Asia\/Dubai',gmtOffset:14400,gmtOffsetName:'UTC+04:00',abbreviation:'GST',tzName:'Gulf Standard Time'}]",UnitedArabEmirates
United Kingdom,London,"[{zoneName:'Europe\/London',gmtOffset:0,gmtOffsetName:'UTC\u00b100',abbreviation:'GMT',tzName:'Greenwich Mean Time'}]",UnitedKingdom
United States,Washington,"[{zoneName:'America\/Adak',gmtOffset:-36000,gmtOffsetName:'UTC-10:00',abbreviation:'HST',tzName:'Hawaii\u2013Aleutian Standard Time'},{zoneName:'America\/Anchorage',gmtOffset:-32400,gmtOffsetName:'UTC-09:00',abbreviation:'AKST',tzName:'Alaska Standard Time'},{zoneName:'America\/Boise',gmtOffset:-25200,gmtOffsetName:'UTC-07:00',abbreviation:'MST',tzName:'Mountain Standard Time (North America'},{zoneName:'America\/Chicago',gmtOffset:-21600,gmtOffsetName:'UTC-06:00',abbreviation:'CST',tzName:'Central Standard Time (North America'},{zoneName:'America\/Denver',gmtOffset:-25200,gmtOffsetName:'UTC-07:00',abbreviation:'MST',tzName:'Mountain Standard Time (North America'},{zoneName:'America\/Detroit',gmtOffset:-18000,gmtOffsetName:'UTC-05:00',abbreviation:'EST',tzName:'Eastern Standard Time (North America'},{zoneName:'America\/Indiana\/Indianapolis',gmtOffset:-18000,gmtOffsetName:'UTC-05:00',abbreviation:'EST',tzName:'Eastern Standard Time (North America'},{zoneName:'America\/Indiana\/Knox',gmtOffset:-21600,gmtOffsetName:'UTC-06:00',abbreviation:'CST',tzName:'Central Standard Time (North America'},{zoneName:'America\/Indiana\/Marengo',gmtOffset:-18000,gmtOffsetName:'UTC-05:00',abbreviation:'EST',tzName:'Eastern Standard Time (North America'},{zoneName:'America\/Indiana\/Petersburg',gmtOffset:-18000,gmtOffsetName:'UTC-05:00',abbreviation:'EST',tzName:'Eastern Standard Time (North America'},{zoneName:'America\/Indiana\/Tell_City',gmtOffset:-21600,gmtOffsetName:'UTC-06:00',abbreviation:'CST',tzName:'Central Standard Time (North America'},{zoneName:'America\/Indiana\/Vevay',gmtOffset:-18000,gmtOffsetName:'UTC-05:00',abbreviation:'EST',tzName:'Eastern Standard Time (North America'},{zoneName:'America\/Indiana\/Vincennes',gmtOffset:-18000,gmtOffsetName:'UTC-05:00',abbreviation:'EST',tzName:'Eastern Standard Time (North America'},{zoneName:'America\/Indiana\/Winamac',gmtOffset:-18000,gmtOffsetName:'UTC-05:00',abbreviation:'EST',tzName:'Eastern Standard Time (North America'},{zoneName:'America\/Juneau',gmtOffset:-32400,gmtOffsetName:'UTC-09:00',abbreviation:'AKST',tzName:'Alaska Standard Time'},{zoneName:'America\/Kentucky\/Louisville',gmtOffset:-18000,gmtOffsetName:'UTC-05:00',abbreviation:'EST',tzName:'Eastern Standard Time (North America'},{zoneName:'America\/Kentucky\/Monticello',gmtOffset:-18000,gmtOffsetName:'UTC-05:00',abbreviation:'EST',tzName:'Eastern Standard Time (North America'},{zoneName:'America\/Los_Angeles',gmtOffset:-28800,gmtOffsetName:'UTC-08:00',abbreviation:'PST',tzName:'Pacific Standard Time (North America'},{zoneName:'America\/Menominee',gmtOffset:-21600,gmtOffsetName:'UTC-06:00',abbreviation:'CST',tzName:'Central Standard Time (North America'},{zoneName:'America\/Metlakatla',gmtOffset:-32400,gmtOffsetName:'UTC-09:00',abbreviation:'AKST',tzName:'Alaska Standard Time'},{zoneName:'America\/New_York',gmtOffset:-18000,gmtOffsetName:'UTC-05:00',abbreviation:'EST',tzName:'Eastern Standard Time (North America'},{zoneName:'America\/Nome',gmtOffset:-32400,gmtOffsetName:'UTC-09:00',abbreviation:'AKST',tzName:'Alaska Standard Time'},{zoneName:'America\/North_Dakota\/Beulah',gmtOffset:-21600,gmtOffsetName:'UTC-06:00',abbreviation:'CST',tzName:'Central Standard Time (North America'},{zoneName:'America\/North_Dakota\/Center',gmtOffset:-21600,gmtOffsetName:'UTC-06:00',abbreviation:'CST',tzName:'Central Standard Time (North America'},{zoneName:'America\/North_Dakota\/New_Salem',gmtOffset:-21600,gmtOffsetName:'UTC-06:00',abbreviation:'CST',tzName:'Central Standard Time (North America'},{zoneName:'America\/Phoenix',gmtOffset:-25200,gmtOffsetName:'UTC-07:00',abbreviation:'MST',tzName:'Mountain Standard Time (North America'},{zoneName:'America\/Sitka',gmtOffset:-32400,gmtOffsetName:'UTC-09:00',abbreviation:'AKST',tzName:'Alaska Standard Time'},{zoneName:'America\/Yakutat',gmtOffset:-32400,gmtOffsetName:'UTC-09:00',abbreviation:'AKST',tzName:'Alaska Standard Time'},{zoneName:'Pacific\/Honolulu',gmtOffset:-36000,gmtOffsetName:'UTC-10:00',abbreviation:'HST',tzName:'Hawaii\u2013Aleutian Standard Time'}]",UnitedStates
United States Minor Outlying Islands,,"[{zoneName:'Pacific\/Midway',gmtOffset:-39600,gmtOffsetName:'UTC-11:00',abbreviation:'SST',tzName:'Samoa Standard Time'},{zoneName:'Pacific\/Wake',gmtOffset:43200,gmtOffsetName:'UTC+12:00',abbreviation:'WAKT',tzName:'Wake Island Time'}]",UnitedStatesMinorOutlyingIslands
Uruguay,Montevideo,"[{zoneName:'America\/Montevideo',gmtOffset:-10800,gmtOffsetName:'UTC-03:00',abbreviation:'UYT',tzName:'Uruguay Standard Time'}]",Uruguay
Uzbekistan,Tashkent,"[{zoneName:'Asia\/Samarkand',gmtOffset:18000,gmtOffsetName:'UTC+05:00',abbreviation:'UZT',tzName:'Uzbekistan Time'},{zoneName:'Asia\/Tashkent',gmtOffset:18000,gmtOffsetName:'UTC+05:00',abbreviation:'UZT',tzName:'Uzbekistan Time'}]",Uzbekistan
Vanuatu,Port Vila,"[{zoneName:'Pacific\/Efate',gmtOffset:39600,gmtOffsetName:'UTC+11:00',abbreviation:'VUT',tzName:'Vanuatu Time'}]",Vanuatu
Vatican City State (Holy See),Vatican City,"[{zoneName:'Europe\/Vatican',gmtOffset:3600,gmtOffsetName:'UTC+01:00',abbreviation:'CET',tzName:'Central European Time'}]",VaticanCityState(HolySee)
Venezuela,Caracas,"[{zoneName:'America\/Caracas',gmtOffset:-14400,gmtOffsetName:'UTC-04:00',abbreviation:'VET',tzName:'Venezuelan Standard Time'}]",Venezuela
Vietnam,Hanoi,"[{zoneName:'Asia\/Ho_Chi_Minh',gmtOffset:25200,gmtOffsetName:'UTC+07:00',abbreviation:'ICT',tzName:'Indochina Time'}]",Vietnam
Virgin Islands (British),Road Town,"[{zoneName:'America\/Tortola',gmtOffset:-14400,gmtOffsetName:'UTC-04:00',abbreviation:'AST',tzName:'Atlantic Standard Time'}]",VirginIslands(British)
Virgin Islands (US),Charlotte Amalie,"[{zoneName:'America\/St_Thomas',gmtOffset:-14400,gmtOffsetName:'UTC-04:00',abbreviation:'AST',tzName:'Atlantic Standard Time'}]",VirginIslands(US)
Wallis And Futuna Islands,Mata Utu,"[{zoneName:'Pacific\/Wallis',gmtOffset:43200,gmtOffsetName:'UTC+12:00',abbreviation:'WFT',tzName:'Wallis & Futuna Time'}]",WallisAndFutunaIslands
Western Sahara,El-Aaiun,"[{zoneName:'Africa\/El_Aaiun',gmtOffset:3600,gmtOffsetName:'UTC+01:00',abbreviation:'WEST',tzName:'Western European Summer Time'}]",WesternSahara
Yemen,Sanaa,"[{zoneName:'Asia\/Aden',gmtOffset:10800,gmtOffsetName:'UTC+03:00',abbreviation:'AST',tzName:'Arabia Standard Time'}]",Yemen
Zambia,Lusaka,"[{zoneName:'Africa\/Lusaka',gmtOffset:7200,gmtOffsetName:'UTC+02:00',abbreviation:'CAT',tzName:'Central Africa Time'}]",Zambia
Zimbabwe,Harare,"[{zoneName:'Africa\/Harare',gmtOffset:7200,gmtOffsetName:'UTC+02:00',abbreviation:'CAT',tzName:'Central Africa Time'}]",Zimbabwe
